{
  "model": "Qwen/Qwen2.5-0.5B-Instruct",
  "recipe": "fp16",
  "bits": 16,
  "perplexity": 16.303626341107258,
  "model_size_mb": 942.292724609375,
  "peak_mem_mb": 0.0,
  "load_secs": 1.7321392499725334,
  "inference_ms_per_token": 12.828499344323063,
  "extras": {}
}